Date transaction;Date comptabilisation;Num Compte;Libellé Compte;Libellé opération;Libellé complet;Catégorie;Sous-Catégorie;Montant;Pointée;
25/09/2026;25/09/2026;00050021832;Compte Commun;CARTE X4468 24/09 MEDOC;CARTE X4468 24/09 MEDOC;Loisirs;Divertissement - culture (ciné, théâtre, concerts…);-10,90;Non
25/09/2026;02/10/2026;00050021782;Yepo;CARTE X9734 24/09 NODI S 95;CARTE X9734 24/09 NODI S 95;Vie quotidienne;Mobilier, électroménager, décoration…;-0,35;Non
25/09/2026;02/10/2026;00050021782;Yepo;CARTE X9734 24/09 APPLE.COM/BILL 6,99 EUR COMMERCE ELECTRONIQUE;CARTE X9734 24/09 APPLE.COM/BILL 6,99 EUR COMMERCE ELECTRONIQUE;Vie quotidienne;;-6,99;Non
25/09/2026;02/10/2026;00050021782;Yepo;CARTE X9734 24/09 NODI S 95;CARTE X9734 24/09 NODI S 95;Vie quotidienne;Mobilier, électroménager, décoration…;-0,35;Non
24/09/2026;02/10/2026;00050021782;Yepo;CARTE X9734 22/09 Swile COMMERCE ELECTRONIQUE;CARTE X9734 22/09 Swile COMMERCE ELECTRONIQUE;Loisirs;Restaurants, bars, discothèques…;-1,30;Non
23/09/2026;23/09/2026;00050021832;Compte Commun;CARTE X4468 22/09 INTERMARCHE;CARTE X4468 22/09 INTERMARCHE;Vie quotidienne;Alimentation;-13,87;Non
23/09/2026;23/09/2026;00050021832;Compte Commun;CARTE X4468 22/09 GRAND FRAIS BLANQU;CARTE X4468 22/09 GRAND FRAIS BLANQU;Vie quotidienne;Alimentation;-13,98;Non
23/09/2026;23/09/2026;00050021832;Compte Commun;CARTE X4468 22/09 MARIE BLACHERE;CARTE X4468 22/09 MARIE BLACHERE;Vie quotidienne;Alimentation;-3,87;Non
23/09/2026;02/10/2026;00050021782;Yepo;CARTE X9734 22/09 NODI S 95;CARTE X9734 22/09 NODI S 95;Vie quotidienne;Mobilier, électroménager, décoration…;-0,35;Non
22/09/2026;22/09/2026;00050021832;Compte Commun;CARTE X4468 18/09 MARIE BLACHERE;CARTE X4468 18/09 MARIE BLACHERE;Vie quotidienne;Alimentation;-2,82;Non
21/09/2026;21/09/2026;00050021832;Compte Commun;VIR RECU DE: MHP PRESTATIONS SANTE PLEIADE;VIR RECU    8386125727S DE: MHP PRESTATIONS SANTE PLEIADE MOTIF: CRONIER-FLURA JENNIFER(N262611D68B) REF: 626104308255 PRESTATIONS;Santé;Remboursements frais de santé;7,95;Non